"id";"created_at"
"14c3e1b120924731bb56d96889361499";"2025-09-01 22:45:30.708829"
"341bc32ac1004125aec6f8200207af39";"2025-10-07 16:23:40.787502"
"378c2b29bec0462687c2937fce8f1181";"2025-09-01 21:47:28.850645"
"62109dd729c446f89df694a237fb2545";"2025-09-05 05:49:11.199933"
"92c6762c7835406e842a09f8ad306230";"2025-09-01 22:32:05.981029"
"94059501a1df48da97b7b56aaee06100";"2025-09-02 07:22:43.328443"
"e40fe7480af74be8bc13023c6b3f1ef5";"2025-09-01 22:42:30.360324"
"f07871b637084169b47bce5d4e396f5c";"2025-09-02 07:35:54.753160"
"f29b5a37809f4a459a0c7ecc4efd956a";"2025-09-01 22:33:23.188989"
